{"mean":{"confidence_interval":{"confidence_level":0.95,"lower_bound":101.23553958949834,"upper_bound":101.662177034065},"point_estimate":101.44787705807279,"standard_error":0.10878400824551077},"median":{"confidence_interval":{"confidence_level":0.95,"lower_bound":101.21758632021354,"upper_bound":101.688881498158},"point_estimate":101.49910641190573,"standard_error":0.13354452291751984},"median_abs_dev":{"confidence_interval":{"confidence_level":0.95,"lower_bound":0.6648550413138795,"upper_bound":1.1203435176626213},"point_estimate":0.8415550285270686,"standard_error":0.11336046831087349},"slope":{"confidence_interval":{"confidence_level":0.95,"lower_bound":101.25019133517641,"upper_bound":101.63969797516827},"point_estimate":101.44577508043447,"standard_error":0.0990587894704521},"std_dev":{"confidence_interval":{"confidence_level":0.95,"lower_bound":0.8858377573603899,"upper_bound":1.285974053730191},"point_estimate":1.0922700117093394,"standard_error":0.1024802363463298}}