{"mean":{"confidence_interval":{"confidence_level":0.95,"lower_bound":114.1794553746667,"upper_bound":114.75228373082349},"point_estimate":114.46027056289867,"standard_error":0.1462168846159868},"median":{"confidence_interval":{"confidence_level":0.95,"lower_bound":114.22511596214534,"upper_bound":114.81460321135052},"point_estimate":114.53892589443393,"standard_error":0.16986718329904973},"median_abs_dev":{"confidence_interval":{"confidence_level":0.95,"lower_bound":0.8677517608338052,"upper_bound":1.5827650408761482},"point_estimate":1.207141819331153,"standard_error":0.18883771268622698},"slope":{"confidence_interval":{"confidence_level":0.95,"lower_bound":113.87234510646348,"upper_bound":114.5239176396872},"point_estimate":114.20344059068104,"standard_error":0.1664729690832524},"std_dev":{"confidence_interval":{"confidence_level":0.95,"lower_bound":1.1585011219014216,"upper_bound":1.7779343661928027},"point_estimate":1.4685997794240835,"standard_error":0.159624628758246}}