{"mean":{"confidence_interval":{"confidence_level":0.95,"lower_bound":47.88291935701885,"upper_bound":48.07134201096419},"point_estimate":47.972210626007254,"standard_error":0.04802848219675512},"median":{"confidence_interval":{"confidence_level":0.95,"lower_bound":47.82415989200717,"upper_bound":47.94298923255883},"point_estimate":47.88725460239055,"standard_error":0.02871835352591051},"median_abs_dev":{"confidence_interval":{"confidence_level":0.95,"lower_bound":0.20879614692878573,"upper_bound":0.3552447865936545},"point_estimate":0.27972250636163287,"standard_error":0.03680745363960475},"slope":{"confidence_interval":{"confidence_level":0.95,"lower_bound":47.870674306720346,"upper_bound":48.031085251211955},"point_estimate":47.94631511618692,"standard_error":0.04094161227887694},"std_dev":{"confidence_interval":{"confidence_level":0.95,"lower_bound":0.3429480287836075,"upper_bound":0.6147795769264267},"point_estimate":0.4826747466845986,"standard_error":0.0699611116835013}}