{"mean":{"confidence_interval":{"confidence_level":0.95,"lower_bound":13.101626440948733,"upper_bound":13.149829688618945},"point_estimate":13.124933626994807,"standard_error":0.01227852307115842},"median":{"confidence_interval":{"confidence_level":0.95,"lower_bound":13.087735610961307,"upper_bound":13.146000794040857},"point_estimate":13.117948375805396,"standard_error":0.015230882782720166},"median_abs_dev":{"confidence_interval":{"confidence_level":0.95,"lower_bound":0.07825542882580534,"upper_bound":0.12900819210763445},"point_estimate":0.10240735519650467,"standard_error":0.01288345040573488},"slope":{"confidence_interval":{"confidence_level":0.95,"lower_bound":13.103055848616064,"upper_bound":13.166750258936126},"point_estimate":13.132679138360894,"standard_error":0.01626158905748519},"std_dev":{"confidence_interval":{"confidence_level":0.95,"lower_bound":0.09456628933765172,"upper_bound":0.15588999979538773},"point_estimate":0.12359608204400022,"standard_error":0.016211461369887856}}