{"mean":{"confidence_interval":{"confidence_level":0.95,"lower_bound":20.287641525816987,"upper_bound":20.852346246043965},"point_estimate":20.56177077924925,"standard_error":0.1444153246509384},"median":{"confidence_interval":{"confidence_level":0.95,"lower_bound":19.68836953404829,"upper_bound":19.824796061112004},"point_estimate":19.719289218279286,"standard_error":0.038082683313467175},"median_abs_dev":{"confidence_interval":{"confidence_level":0.95,"lower_bound":0.1620242760098165,"upper_bound":0.44506274992695327},"point_estimate":0.24118564652179147,"standard_error":0.07702755452747148},"slope":{"confidence_interval":{"confidence_level":0.95,"lower_bound":20.203745638612453,"upper_bound":20.808090362428906},"point_estimate":20.489373012176948,"standard_error":0.1546987920518974},"std_dev":{"confidence_interval":{"confidence_level":0.95,"lower_bound":1.2126507740438677,"upper_bound":1.6362968762266823},"point_estimate":1.4496735812337345,"standard_error":0.10869646961330963}}