{"mean":{"confidence_interval":{"confidence_level":0.95,"lower_bound":162.8983846120842,"upper_bound":163.60964461071595},"point_estimate":163.240787649393,"standard_error":0.18118330677649036},"median":{"confidence_interval":{"confidence_level":0.95,"lower_bound":162.73087881896373,"upper_bound":163.15307704999174},"point_estimate":162.92219534985546,"standard_error":0.11099227992167447},"median_abs_dev":{"confidence_interval":{"confidence_level":0.95,"lower_bound":0.914621316760181,"upper_bound":1.7274203746999295},"point_estimate":1.2861542212427528,"standard_error":0.2259402421916403},"slope":{"confidence_interval":{"confidence_level":0.95,"lower_bound":162.63771404800144,"upper_bound":163.24718529511804},"point_estimate":162.92894768221032,"standard_error":0.15590111415746355},"std_dev":{"confidence_interval":{"confidence_level":0.95,"lower_bound":1.361375019519754,"upper_bound":2.318074570598406},"point_estimate":1.8156142575239367,"standard_error":0.25325054160823757}}