{"mean":{"confidence_interval":{"confidence_level":0.95,"lower_bound":19.792661155186288,"upper_bound":19.859429017221725},"point_estimate":19.825360948962373,"standard_error":0.01703572377583586},"median":{"confidence_interval":{"confidence_level":0.95,"lower_bound":19.77876825647562,"upper_bound":19.837378664575546},"point_estimate":19.811243488550765,"standard_error":0.015905662930816446},"median_abs_dev":{"confidence_interval":{"confidence_level":0.95,"lower_bound":0.08399219875340036,"upper_bound":0.17703606705434005},"point_estimate":0.12509629742184047,"standard_error":0.024973581063496363},"slope":{"confidence_interval":{"confidence_level":0.95,"lower_bound":19.79028904215738,"upper_bound":19.855666141619448},"point_estimate":19.82407548427958,"standard_error":0.016694302359885126},"std_dev":{"confidence_interval":{"confidence_level":0.95,"lower_bound":0.13777849677449108,"upper_bound":0.20032481556298284},"point_estimate":0.17061505892182144,"standard_error":0.015963003114652794}}