{"mean":{"confidence_interval":{"confidence_level":0.95,"lower_bound":1.577926087089737,"upper_bound":1.5847593094245473},"point_estimate":1.5813106017589538,"standard_error":0.0017377500729411084},"median":{"confidence_interval":{"confidence_level":0.95,"lower_bound":1.575750476195415,"upper_bound":1.5839725246168013},"point_estimate":1.5787158777838077,"standard_error":0.0022288084560131423},"median_abs_dev":{"confidence_interval":{"confidence_level":0.95,"lower_bound":0.010412556310937933,"upper_bound":0.01685433738612018},"point_estimate":0.013010966550008374,"standard_error":0.001609984029244962},"slope":{"confidence_interval":{"confidence_level":0.95,"lower_bound":1.5780247451311944,"upper_bound":1.5847115199566788},"point_estimate":1.5812293125923609,"standard_error":0.0017051584394669776},"std_dev":{"confidence_interval":{"confidence_level":0.95,"lower_bound":0.013587350946113502,"upper_bound":0.02119787316409651},"point_estimate":0.01744953749470893,"standard_error":0.0019534325730626257}}