{"mean":{"confidence_interval":{"confidence_level":0.95,"lower_bound":20.324953454668275,"upper_bound":20.892383427271614},"point_estimate":20.599401740236086,"standard_error":0.14498888077430877},"median":{"confidence_interval":{"confidence_level":0.95,"lower_bound":19.756666208649246,"upper_bound":19.89420272494323},"point_estimate":19.788192246923195,"standard_error":0.0478960279068911},"median_abs_dev":{"confidence_interval":{"confidence_level":0.95,"lower_bound":0.21533733628635848,"upper_bound":0.5973750284550468},"point_estimate":0.372849997040032,"standard_error":0.0997658892839241},"slope":{"confidence_interval":{"confidence_level":0.95,"lower_bound":20.366872347214095,"upper_bound":21.06172752906604},"point_estimate":20.701326968628607,"standard_error":0.17831081994546258},"std_dev":{"confidence_interval":{"confidence_level":0.95,"lower_bound":1.2026738430148878,"upper_bound":1.6557420689808116},"point_estimate":1.4557125947176273,"standard_error":0.11553708112908327}}