{"mean":{"confidence_interval":{"confidence_level":0.95,"lower_bound":15.825157688304284,"upper_bound":15.91814148139054},"point_estimate":15.867817934096143,"standard_error":0.023781368510058305},"median":{"confidence_interval":{"confidence_level":0.95,"lower_bound":15.829838413221028,"upper_bound":15.864638615096924},"point_estimate":15.844154356529799,"standard_error":0.009443571011369218},"median_abs_dev":{"confidence_interval":{"confidence_level":0.95,"lower_bound":0.06462352752445732,"upper_bound":0.11680806556985751},"point_estimate":0.0883862038890035,"standard_error":0.013141525688610182},"slope":{"confidence_interval":{"confidence_level":0.95,"lower_bound":15.823729549428135,"upper_bound":15.878697402516142},"point_estimate":15.850800981076379,"standard_error":0.014019780889605095},"std_dev":{"confidence_interval":{"confidence_level":0.95,"lower_bound":0.13232544253925105,"upper_bound":0.3324936164194877},"point_estimate":0.23972581916616365,"standard_error":0.051426636748970515}}