{"mean":{"confidence_interval":{"confidence_level":0.95,"lower_bound":19.85601843316304,"upper_bound":19.977876885856862},"point_estimate":19.911720629688112,"standard_error":0.031113008919170286},"median":{"confidence_interval":{"confidence_level":0.95,"lower_bound":19.798207476790452,"upper_bound":19.8910620331914},"point_estimate":19.854660630354324,"standard_error":0.025642606834364926},"median_abs_dev":{"confidence_interval":{"confidence_level":0.95,"lower_bound":0.12955208464559112,"upper_bound":0.21710934372981844},"point_estimate":0.1830268186427595,"standard_error":0.02109991486659673},"slope":{"confidence_interval":{"confidence_level":0.95,"lower_bound":19.854316256261754,"upper_bound":19.922496369825694},"point_estimate":19.888503984243044,"standard_error":0.01741804396883869},"std_dev":{"confidence_interval":{"confidence_level":0.95,"lower_bound":0.18875481461518032,"upper_bound":0.43607765560445655},"point_estimate":0.3126253847523341,"standard_error":0.06556649004490912}}