{"mean":{"confidence_interval":{"confidence_level":0.95,"lower_bound":31.50942709329609,"upper_bound":31.59911050273695},"point_estimate":31.553235072530015,"standard_error":0.0229269343649473},"median":{"confidence_interval":{"confidence_level":0.95,"lower_bound":31.465506398658764,"upper_bound":31.55799757352353},"point_estimate":31.509162715042557,"standard_error":0.023456966805470422},"median_abs_dev":{"confidence_interval":{"confidence_level":0.95,"lower_bound":0.1339282604114421,"upper_bound":0.2406159247321296},"point_estimate":0.1917688293311167,"standard_error":0.026983525358216853},"slope":{"confidence_interval":{"confidence_level":0.95,"lower_bound":31.45833994285999,"upper_bound":31.559181282167327},"point_estimate":31.50654588823494,"standard_error":0.025641149257895526},"std_dev":{"confidence_interval":{"confidence_level":0.95,"lower_bound":0.1894042245714147,"upper_bound":0.2681176876939433},"point_estimate":0.2309256632827056,"standard_error":0.020050722771990034}}