{"mean":{"confidence_interval":{"confidence_level":0.95,"lower_bound":19.80527076223125,"upper_bound":19.94837643692981},"point_estimate":19.869588146140906,"standard_error":0.036669280850834395},"median":{"confidence_interval":{"confidence_level":0.95,"lower_bound":19.754769510481406,"upper_bound":19.857693895699676},"point_estimate":19.792533318187047,"standard_error":0.024443905702022824},"median_abs_dev":{"confidence_interval":{"confidence_level":0.95,"lower_bound":0.14096660405844222,"upper_bound":0.23593133423516402},"point_estimate":0.17582340806006214,"standard_error":0.024399182522071988},"slope":{"confidence_interval":{"confidence_level":0.95,"lower_bound":19.804158672438184,"upper_bound":19.898227744123243},"point_estimate":19.848115094418596,"standard_error":0.02399803741960178},"std_dev":{"confidence_interval":{"confidence_level":0.95,"lower_bound":0.19884050331446493,"upper_bound":0.5428122996276341},"point_estimate":0.36942779772457285,"standard_error":0.09605161538542886}}