{"mean":{"confidence_interval":{"confidence_level":0.95,"lower_bound":3.0793636744403026,"upper_bound":3.0974996890542337},"point_estimate":3.0877980882897025,"standard_error":0.0046136645536369696},"median":{"confidence_interval":{"confidence_level":0.95,"lower_bound":3.072392069839695,"upper_bound":3.083766205690306},"point_estimate":3.0780855561194524,"standard_error":0.0034267418306151015},"median_abs_dev":{"confidence_interval":{"confidence_level":0.95,"lower_bound":0.022124341963931465,"upper_bound":0.039594862838704066},"point_estimate":0.029832567538752137,"standard_error":0.004221974722079788},"slope":{"confidence_interval":{"confidence_level":0.95,"lower_bound":3.067611335516925,"upper_bound":3.0772265917161414},"point_estimate":3.0722816017137866,"standard_error":0.00244205386172169},"std_dev":{"confidence_interval":{"confidence_level":0.95,"lower_bound":0.030512083268887952,"upper_bound":0.06355111639358038},"point_estimate":0.04660317835431361,"standard_error":0.008858078698342261}}