{"mean":{"confidence_interval":{"confidence_level":0.95,"lower_bound":22.643000138418014,"upper_bound":22.70968818397007},"point_estimate":22.67598926364959,"standard_error":0.016991908789050825},"median":{"confidence_interval":{"confidence_level":0.95,"lower_bound":22.600793743739395,"upper_bound":22.707088786697813},"point_estimate":22.655840934437382,"standard_error":0.023061127399362058},"median_abs_dev":{"confidence_interval":{"confidence_level":0.95,"lower_bound":0.11529175087015144,"upper_bound":0.19739274066419796},"point_estimate":0.14719786656032757,"standard_error":0.021840717251294408},"slope":{"confidence_interval":{"confidence_level":0.95,"lower_bound":22.646837758370836,"upper_bound":22.73044654983269},"point_estimate":22.687978934641936,"standard_error":0.021304613355605417},"std_dev":{"confidence_interval":{"confidence_level":0.95,"lower_bound":0.14251685942481482,"upper_bound":0.19865554098433624},"point_estimate":0.17127573510277552,"standard_error":0.014366261487844114}}