{"mean":{"confidence_interval":{"confidence_level":0.95,"lower_bound":20.279270183252773,"upper_bound":20.808624300553802},"point_estimate":20.531083726279093,"standard_error":0.13487969717091464},"median":{"confidence_interval":{"confidence_level":0.95,"lower_bound":19.77606344664759,"upper_bound":19.952533102364534},"point_estimate":19.88633184406212,"standard_error":0.04511940328342991},"median_abs_dev":{"confidence_interval":{"confidence_level":0.95,"lower_bound":0.1756788949273453,"upper_bound":0.46927410419402604},"point_estimate":0.3108859018243599,"standard_error":0.07371106989526281},"slope":{"confidence_interval":{"confidence_level":0.95,"lower_bound":20.33147213092856,"upper_bound":20.9407104706121},"point_estimate":20.62918766659298,"standard_error":0.1560327417758164},"std_dev":{"confidence_interval":{"confidence_level":0.95,"lower_bound":1.0368409415683746,"upper_bound":1.6282800122324328},"point_estimate":1.3520852670683752,"standard_error":0.1509643183401517}}