{"mean":{"confidence_interval":{"confidence_level":0.95,"lower_bound":1.119273228439582,"upper_bound":1.129757188524851},"point_estimate":1.1243723085383477,"standard_error":0.0026752312206499546},"median":{"confidence_interval":{"confidence_level":0.95,"lower_bound":1.1229025779232449,"upper_bound":1.1279178015109284},"point_estimate":1.1259404786277107,"standard_error":0.0012926847155145334},"median_abs_dev":{"confidence_interval":{"confidence_level":0.95,"lower_bound":0.00844232102914672,"upper_bound":0.01439601351345099},"point_estimate":0.0110078708653366,"standard_error":0.0015250261526951118},"slope":{"confidence_interval":{"confidence_level":0.95,"lower_bound":1.1208052155263826,"upper_bound":1.1261949018348596},"point_estimate":1.1235521641842563,"standard_error":0.001376109571177299},"std_dev":{"confidence_interval":{"confidence_level":0.95,"lower_bound":0.017553874661208085,"upper_bound":0.035163095822222046},"point_estimate":0.02691866151138998,"standard_error":0.004491487430203183}}