{"mean":{"confidence_interval":{"confidence_level":0.95,"lower_bound":5.644498578774772,"upper_bound":5.6702594208532275},"point_estimate":5.6568093464010465,"standard_error":0.006564678442026804},"median":{"confidence_interval":{"confidence_level":0.95,"lower_bound":5.63904726438706,"upper_bound":5.659709876982152},"point_estimate":5.646093230004586,"standard_error":0.00521337338073473},"median_abs_dev":{"confidence_interval":{"confidence_level":0.95,"lower_bound":0.03269418285740142,"upper_bound":0.052017811554369055},"point_estimate":0.04234624608976681,"standard_error":0.0048108698489097304},"slope":{"confidence_interval":{"confidence_level":0.95,"lower_bound":5.635796595739699,"upper_bound":5.654597115920114},"point_estimate":5.645207482708693,"standard_error":0.004794712801251958},"std_dev":{"confidence_interval":{"confidence_level":0.95,"lower_bound":0.04682758706613781,"upper_bound":0.08315114798119072},"point_estimate":0.06578729564212557,"standard_error":0.009308695094449987}}