{"mean":{"confidence_interval":{"confidence_level":0.95,"lower_bound":66.28987589819592,"upper_bound":66.46847471649158},"point_estimate":66.3784998912052,"standard_error":0.04567574097347221},"median":{"confidence_interval":{"confidence_level":0.95,"lower_bound":66.27843491031336,"upper_bound":66.50412255410757},"point_estimate":66.3701821221154,"standard_error":0.05705127745211746},"median_abs_dev":{"confidence_interval":{"confidence_level":0.95,"lower_bound":0.2887493022365404,"upper_bound":0.4685200301838919},"point_estimate":0.36422695801792887,"standard_error":0.04643520545749335},"slope":{"confidence_interval":{"confidence_level":0.95,"lower_bound":66.31382957318917,"upper_bound":66.52078849174552},"point_estimate":66.41773381840756,"standard_error":0.052887232760076584},"std_dev":{"confidence_interval":{"confidence_level":0.95,"lower_bound":0.36644611793418,"upper_bound":0.5449123393265761},"point_estimate":0.4585874695737127,"standard_error":0.04564311390767988}}