{"mean":{"confidence_interval":{"confidence_level":0.95,"lower_bound":8.445092876489086,"upper_bound":8.49998125389667},"point_estimate":8.469724897125026,"standard_error":0.01407346914182644},"median":{"confidence_interval":{"confidence_level":0.95,"lower_bound":8.435163060702358,"upper_bound":8.470616347189134},"point_estimate":8.446306631397167,"standard_error":0.00894249794402356},"median_abs_dev":{"confidence_interval":{"confidence_level":0.95,"lower_bound":0.06277654159875612,"upper_bound":0.10006167411352368},"point_estimate":0.07938525081250881,"standard_error":0.009263520467536713},"slope":{"confidence_interval":{"confidence_level":0.95,"lower_bound":8.421675539104085,"upper_bound":8.4586103470433},"point_estimate":8.440234901215643,"standard_error":0.009419229860990575},"std_dev":{"confidence_interval":{"confidence_level":0.95,"lower_bound":0.0801752018573222,"upper_bound":0.20593030379428176},"point_estimate":0.1417164894364107,"standard_error":0.0362699095416862}}