{"mean":{"confidence_interval":{"confidence_level":0.95,"lower_bound":2.5163830461117747,"upper_bound":2.527626043843108},"point_estimate":2.5217777054091024,"standard_error":0.0028813539509962805},"median":{"confidence_interval":{"confidence_level":0.95,"lower_bound":2.514766514197544,"upper_bound":2.5238211412841034},"point_estimate":2.517627159329,"standard_error":0.0030020192014373523},"median_abs_dev":{"confidence_interval":{"confidence_level":0.95,"lower_bound":0.013074408337329773,"upper_bound":0.023413844365089167},"point_estimate":0.0179127562382776,"standard_error":0.002657051135432925},"slope":{"confidence_interval":{"confidence_level":0.95,"lower_bound":2.5159739513093027,"upper_bound":2.5248225414492973},"point_estimate":2.520287058270978,"standard_error":0.002265672186079641},"std_dev":{"confidence_interval":{"confidence_level":0.95,"lower_bound":0.01983828664330463,"upper_bound":0.03835851804528955},"point_estimate":0.02903230191252369,"standard_error":0.004842498065553984}}