{"mean":{"confidence_interval":{"confidence_level":0.95,"lower_bound":17.871912602889953,"upper_bound":17.94722831962812},"point_estimate":17.90636793794444,"standard_error":0.019260190399878672},"median":{"confidence_interval":{"confidence_level":0.95,"lower_bound":17.841328495932395,"upper_bound":17.898350903405536},"point_estimate":17.859500635834053,"standard_error":0.01512660613960431},"median_abs_dev":{"confidence_interval":{"confidence_level":0.95,"lower_bound":0.08793272140917908,"upper_bound":0.14796487670543282},"point_estimate":0.12143131372508673,"standard_error":0.014645024268871773},"slope":{"confidence_interval":{"confidence_level":0.95,"lower_bound":17.836855756482304,"upper_bound":17.885667787892206},"point_estimate":17.86063628249571,"standard_error":0.012493398192361003},"std_dev":{"confidence_interval":{"confidence_level":0.95,"lower_bound":0.12188915595262484,"upper_bound":0.2756456187590268},"point_estimate":0.19395745078505036,"standard_error":0.04526766513784487}}