{"mean":{"confidence_interval":{"confidence_level":0.95,"lower_bound":3.23458331917134,"upper_bound":3.2486771648158057},"point_estimate":3.2414576878257035,"standard_error":0.003613566513365043},"median":{"confidence_interval":{"confidence_level":0.95,"lower_bound":3.2295887457495804,"upper_bound":3.2419697606696585},"point_estimate":3.2349422129444956,"standard_error":0.003764551318614685},"median_abs_dev":{"confidence_interval":{"confidence_level":0.95,"lower_bound":0.01708064954145131,"upper_bound":0.033469039389367204},"point_estimate":0.024026178078387177,"standard_error":0.004230515928367457},"slope":{"confidence_interval":{"confidence_level":0.95,"lower_bound":3.22777295276761,"upper_bound":3.238468492358904},"point_estimate":3.23287227888006,"standard_error":0.002729021514442471},"std_dev":{"confidence_interval":{"confidence_level":0.95,"lower_bound":0.029211461035346043,"upper_bound":0.042436445804152595},"point_estimate":0.03623883144781468,"standard_error":0.0033614615505734454}}