{"mean":{"confidence_interval":{"confidence_level":0.95,"lower_bound":127.83672245981612,"upper_bound":128.2570028342776},"point_estimate":128.03869714529685,"standard_error":0.10694419564650452},"median":{"confidence_interval":{"confidence_level":0.95,"lower_bound":127.74136271201108,"upper_bound":128.2523810682762},"point_estimate":127.97093938460304,"standard_error":0.12888312404411228},"median_abs_dev":{"confidence_interval":{"confidence_level":0.95,"lower_bound":0.6749633224508971,"upper_bound":1.0258482204435806},"point_estimate":0.8284373754792204,"standard_error":0.08974045547938919},"slope":{"confidence_interval":{"confidence_level":0.95,"lower_bound":127.79558418043183,"upper_bound":128.1747040204506},"point_estimate":127.99089119767744,"standard_error":0.0969360176425917},"std_dev":{"confidence_interval":{"confidence_level":0.95,"lower_bound":0.7831490696627792,"upper_bound":1.413751789155584},"point_estimate":1.077404009069426,"standard_error":0.16998224410671928}}