{"mean":{"confidence_interval":{"confidence_level":0.95,"lower_bound":47.17826367737224,"upper_bound":47.44118691831589},"point_estimate":47.29825187545404,"standard_error":0.06716006876105625},"median":{"confidence_interval":{"confidence_level":0.95,"lower_bound":47.136861989113825,"upper_bound":47.27294850490672},"point_estimate":47.219919627188055,"standard_error":0.039718871648753824},"median_abs_dev":{"confidence_interval":{"confidence_level":0.95,"lower_bound":0.20510394973410662,"upper_bound":0.36691029192555163},"point_estimate":0.2786759926176227,"standard_error":0.04376882438895317},"slope":{"confidence_interval":{"confidence_level":0.95,"lower_bound":47.09025087733539,"upper_bound":47.23483358802189},"point_estimate":47.1626666660928,"standard_error":0.03684562864120448},"std_dev":{"confidence_interval":{"confidence_level":0.95,"lower_bound":0.375844370595547,"upper_bound":0.9286164962511377},"point_estimate":0.675826466251827,"standard_error":0.14107608552261094}}