{"mean":{"confidence_interval":{"confidence_level":0.95,"lower_bound":19.83176647814911,"upper_bound":20.038107992326374},"point_estimate":19.922405163700414,"standard_error":0.05297260698371698},"median":{"confidence_interval":{"confidence_level":0.95,"lower_bound":19.784456743216694,"upper_bound":19.839368696350633},"point_estimate":19.810993750617552,"standard_error":0.012015804243051405},"median_abs_dev":{"confidence_interval":{"confidence_level":0.95,"lower_bound":0.08147651426978633,"upper_bound":0.19022999461652107},"point_estimate":0.12023173320135204,"standard_error":0.031011832166123507},"slope":{"confidence_interval":{"confidence_level":0.95,"lower_bound":19.78730212032972,"upper_bound":19.87047121196092},"point_estimate":19.826613485525055,"standard_error":0.02126547954994849},"std_dev":{"confidence_interval":{"confidence_level":0.95,"lower_bound":0.2006752441569694,"upper_bound":0.779272079544578},"point_estimate":0.5329600510494712,"standard_error":0.14356736291228017}}