{"mean":{"confidence_interval":{"confidence_level":0.95,"lower_bound":1.6152129154324981,"upper_bound":1.6214509447419259},"point_estimate":1.6182140397679872,"standard_error":0.00159013967464498},"median":{"confidence_interval":{"confidence_level":0.95,"lower_bound":1.6123535146105734,"upper_bound":1.6168032083200472},"point_estimate":1.6143416930820176,"standard_error":0.0012689171027932026},"median_abs_dev":{"confidence_interval":{"confidence_level":0.95,"lower_bound":0.007584050643199597,"upper_bound":0.01483450873065523},"point_estimate":0.011075290530983158,"standard_error":0.0018761038840532348},"slope":{"confidence_interval":{"confidence_level":0.95,"lower_bound":1.6136761175881225,"upper_bound":1.619521875027469},"point_estimate":1.6165544551845654,"standard_error":0.0014916083621990413},"std_dev":{"confidence_interval":{"confidence_level":0.95,"lower_bound":0.011912014212958618,"upper_bound":0.02007409604264675},"point_estimate":0.015950532698317737,"standard_error":0.0021250771325355346}}