{"mean":{"confidence_interval":{"confidence_level":0.95,"lower_bound":94.11551277251588,"upper_bound":94.69888770020539},"point_estimate":94.37681567057395,"standard_error":0.14922765439261498},"median":{"confidence_interval":{"confidence_level":0.95,"lower_bound":94.07750129405439,"upper_bound":94.49657827876774},"point_estimate":94.34770625094184,"standard_error":0.10040774474728052},"median_abs_dev":{"confidence_interval":{"confidence_level":0.95,"lower_bound":0.5668721296166468,"upper_bound":0.8443440983052247},"point_estimate":0.7266448156749323,"standard_error":0.07108106087809081},"slope":{"confidence_interval":{"confidence_level":0.95,"lower_bound":94.03791936682757,"upper_bound":94.36602711220065},"point_estimate":94.21050362200698,"standard_error":0.0836688829728703},"std_dev":{"confidence_interval":{"confidence_level":0.95,"lower_bound":0.7917463555996933,"upper_bound":2.245762153791246},"point_estimate":1.5000671331023554,"standard_error":0.4233718493535827}}