{"mean":{"confidence_interval":{"confidence_level":0.95,"lower_bound":20.15093577567233,"upper_bound":20.680029637361145},"point_estimate":20.40512416790155,"standard_error":0.13506395834469032},"median":{"confidence_interval":{"confidence_level":0.95,"lower_bound":19.71003434919243,"upper_bound":19.803957756583358},"point_estimate":19.756537407951093,"standard_error":0.02697107752745555},"median_abs_dev":{"confidence_interval":{"confidence_level":0.95,"lower_bound":0.18699230049492735,"upper_bound":0.4212760207297136},"point_estimate":0.2737355880097344,"standard_error":0.06060415127610843},"slope":{"confidence_interval":{"confidence_level":0.95,"lower_bound":20.26461794028945,"upper_bound":21.0671598369859},"point_estimate":20.65198456832531,"standard_error":0.2055961746586383},"std_dev":{"confidence_interval":{"confidence_level":0.95,"lower_bound":1.0803949785052434,"upper_bound":1.5744607138565918},"point_estimate":1.3589417252324212,"standard_error":0.1258659308600001}}