{"mean":{"confidence_interval":{"confidence_level":0.95,"lower_bound":20.21439756348205,"upper_bound":20.69342497695273},"point_estimate":20.444281356501538,"standard_error":0.12227641963031048},"median":{"confidence_interval":{"confidence_level":0.95,"lower_bound":19.763504747120255,"upper_bound":20.111439110383923},"point_estimate":19.855853844928664,"standard_error":0.08363583742270006},"median_abs_dev":{"confidence_interval":{"confidence_level":0.95,"lower_bound":0.3006975989529614,"upper_bound":0.7823207081394055},"point_estimate":0.48000521688048975,"standard_error":0.11567757633462174},"slope":{"confidence_interval":{"confidence_level":0.95,"lower_bound":20.162283169851854,"upper_bound":20.670454035573247},"point_estimate":20.40416833755586,"standard_error":0.12998681193150718},"std_dev":{"confidence_interval":{"confidence_level":0.95,"lower_bound":0.9872799911879577,"upper_bound":1.418756764026329},"point_estimate":1.2253422323598273,"standard_error":0.10997010609486482}}