{"mean":{"confidence_interval":{"confidence_level":0.95,"lower_bound":20.900553267458786,"upper_bound":21.618468677079285},"point_estimate":21.254191322804804,"standard_error":0.18315899465331617},"median":{"confidence_interval":{"confidence_level":0.95,"lower_bound":19.83510301953315,"upper_bound":21.298793489660888},"point_estimate":20.13898398304285,"standard_error":0.354771806799134},"median_abs_dev":{"confidence_interval":{"confidence_level":0.95,"lower_bound":0.4094015066737414,"upper_bound":2.462205459208122},"point_estimate":0.897742200017741,"standard_error":0.49583290429959587},"slope":{"confidence_interval":{"confidence_level":0.95,"lower_bound":20.244717805862425,"upper_bound":20.939824830111714},"point_estimate":20.571112668201984,"standard_error":0.17849626816543956},"std_dev":{"confidence_interval":{"confidence_level":0.95,"lower_bound":1.6729692722133114,"upper_bound":1.9698592619101112},"point_estimate":1.8405396727063479,"standard_error":0.0753272175303433}}