{"mean":{"confidence_interval":{"confidence_level":0.95,"lower_bound":1.8187361106675644,"upper_bound":1.8316594273940163},"point_estimate":1.8245653310547334,"standard_error":0.003315649641138431},"median":{"confidence_interval":{"confidence_level":0.95,"lower_bound":1.8164971963718621,"upper_bound":1.8208748319119956},"point_estimate":1.8188791663141328,"standard_error":0.0012255838048986568},"median_abs_dev":{"confidence_interval":{"confidence_level":0.95,"lower_bound":0.00906232733823568,"upper_bound":0.018071680400812456},"point_estimate":0.013630810907301285,"standard_error":0.0021695195166679918},"slope":{"confidence_interval":{"confidence_level":0.95,"lower_bound":1.8187615537497595,"upper_bound":1.8272653571561799},"point_estimate":1.822758409847008,"standard_error":0.002177087882864768},"std_dev":{"confidence_interval":{"confidence_level":0.95,"lower_bound":0.017347586069093174,"upper_bound":0.04790835783439713},"point_estimate":0.03325834991618338,"standard_error":0.007992628023225175}}