{"mean":{"confidence_interval":{"confidence_level":0.95,"lower_bound":58.32718107557614,"upper_bound":58.50119076463619},"point_estimate":58.4127565128915,"standard_error":0.04445976563297713},"median":{"confidence_interval":{"confidence_level":0.95,"lower_bound":58.293931400694525,"upper_bound":58.41636364304611},"point_estimate":58.36347121966898,"standard_error":0.03479684439703534},"median_abs_dev":{"confidence_interval":{"confidence_level":0.95,"lower_bound":0.25353251696936874,"upper_bound":0.4807785920017976},"point_estimate":0.38132189314008663,"standard_error":0.056709080336142505},"slope":{"confidence_interval":{"confidence_level":0.95,"lower_bound":58.34382457843015,"upper_bound":58.51885044647916},"point_estimate":58.42927625585127,"standard_error":0.04463910981139942},"std_dev":{"confidence_interval":{"confidence_level":0.95,"lower_bound":0.3665255829624461,"upper_bound":0.5195694147958977},"point_estimate":0.4471605674583222,"standard_error":0.039027171345483856}}