{"mean":{"confidence_interval":{"confidence_level":0.95,"lower_bound":42.49748037917264,"upper_bound":42.730749409403444},"point_estimate":42.60237937007972,"standard_error":0.05979585040135632},"median":{"confidence_interval":{"confidence_level":0.95,"lower_bound":42.420829184549355,"upper_bound":42.5379336026256},"point_estimate":42.49024790020174,"standard_error":0.027813866359492952},"median_abs_dev":{"confidence_interval":{"confidence_level":0.95,"lower_bound":0.19277203910980295,"upper_bound":0.3218901059916768},"point_estimate":0.2753575411739097,"standard_error":0.036373890661935825},"slope":{"confidence_interval":{"confidence_level":0.95,"lower_bound":42.53310373395132,"upper_bound":42.94361245997842},"point_estimate":42.71145170535374,"standard_error":0.10607591486027862},"std_dev":{"confidence_interval":{"confidence_level":0.95,"lower_bound":0.3077571119899823,"upper_bound":0.8603718359410827},"point_estimate":0.6002855061163422,"standard_error":0.1447938393640631}}