{"mean":{"confidence_interval":{"confidence_level":0.95,"lower_bound":35.60892860613089,"upper_bound":35.72673958869547},"point_estimate":35.66621161349603,"standard_error":0.030019214692200955},"median":{"confidence_interval":{"confidence_level":0.95,"lower_bound":35.5697821589902,"upper_bound":35.69222743333522},"point_estimate":35.64682827563202,"standard_error":0.03429158218460402},"median_abs_dev":{"confidence_interval":{"confidence_level":0.95,"lower_bound":0.15892941535218205,"upper_bound":0.29936595870963406},"point_estimate":0.2052176202281986,"standard_error":0.03725134501960752},"slope":{"confidence_interval":{"confidence_level":0.95,"lower_bound":35.60261880385003,"upper_bound":35.71588971882724},"point_estimate":35.65887644952617,"standard_error":0.02889677679792385},"std_dev":{"confidence_interval":{"confidence_level":0.95,"lower_bound":0.2366102727378097,"upper_bound":0.36245893019507563},"point_estimate":0.3018683418047056,"standard_error":0.03232729461436013}}