{"mean":{"confidence_interval":{"confidence_level":0.95,"lower_bound":1.010818388051816,"upper_bound":1.0146132219654234},"point_estimate":1.012643285348286,"standard_error":0.0009617495001094686},"median":{"confidence_interval":{"confidence_level":0.95,"lower_bound":1.0080090833672466,"upper_bound":1.0121225728255263},"point_estimate":1.0095794779673297,"standard_error":0.0010546177874899937},"median_abs_dev":{"confidence_interval":{"confidence_level":0.95,"lower_bound":0.0050855459494540374,"upper_bound":0.009124225036869039},"point_estimate":0.006459682045750358,"standard_error":0.001077062546128853},"slope":{"confidence_interval":{"confidence_level":0.95,"lower_bound":1.0105290722875702,"upper_bound":1.0148707039550608},"point_estimate":1.0126200544310953,"standard_error":0.0011083423397831513},"std_dev":{"confidence_interval":{"confidence_level":0.95,"lower_bound":0.00745638295111327,"upper_bound":0.011818982324810257},"point_estimate":0.00969370907784948,"standard_error":0.0011163186097629231}}