{"mean":{"confidence_interval":{"confidence_level":0.95,"lower_bound":20.04829462718719,"upper_bound":20.54072774511844},"point_estimate":20.2831853529991,"standard_error":0.12527370697893608},"median":{"confidence_interval":{"confidence_level":0.95,"lower_bound":19.662128804970262,"upper_bound":19.758057145772863},"point_estimate":19.707545289735187,"standard_error":0.024365152264163567},"median_abs_dev":{"confidence_interval":{"confidence_level":0.95,"lower_bound":0.1558924652863967,"upper_bound":0.319247950404921},"point_estimate":0.22093447395279048,"standard_error":0.04192393971969895},"slope":{"confidence_interval":{"confidence_level":0.95,"lower_bound":20.00936422919991,"upper_bound":20.57613191963961},"point_estimate":20.274436688762115,"standard_error":0.14492968527144348},"std_dev":{"confidence_interval":{"confidence_level":0.95,"lower_bound":0.9659401085829622,"upper_bound":1.4873766443995025},"point_estimate":1.254290056476972,"standard_error":0.13319403538280866}}